path	size_bytes	sha256
.gitattributes	122	91958198119270f77e3ccf82bc4ff57fd3d96879e6829288e0e1c91981d48a9c
.gitignore	357	2e9048c055bccd922bf965b55759859f5bb608fb5bc66d3138abd48693768e4b
assets/l1_samples/all_l1_samples.csv	6804	c3a2c037350052572f994d5a45fc17865596cb3403fd66e532b85704a0ceba31
configs/roundC.env.example	319	87f0b3372da55566278e60c5f579114e289e38e1fd0ddcfa8ea3b89da0b10cb8
configs/roundC_v4.env.example	1031	9b29a0dd3d738d4bedab20932cef22c7fb27b79c32aaf532caa59cd52e44adea
configs/step3_config.yaml	1249	5895b1df38cd6d9ddb3db6a37fa29ff8039814d88b6cfba7d8bf8da299d4db77
configs/step4_config.yaml	1194	01f278a0e81bd83cc2f0117b21d67faccfa0c681075682052c372f396c5bd851
configs/v5_pau_config.yaml	1095	1b18cb8e8fdafc693cd4cd9d96b059aa389fbe8fb63299a19145475609e9b68e
data/final_tree/README.md	299	0fe4ba851314ecf2019cb742d66423856a81f6a61371f7a30e55f1187d137e61
data/final_tree/tree_statistics.xlsx	19540	94adb9c917e184369fa844df5e4a275b731ab7a385cfb139d1b6d541cc63e8b1
data/final_tree/v4_final_audit.json	8339	db919b25cfe0c1a4144337afd6875e5e455cb98f822046039c7834669c5ca7e0
data/final_tree/v4_final_membership.csv	15497	611d749b29ff635b1ae631d8cd49a8d5598127136412c02bf18f28a728bae31e
data/final_tree/v4_final_ops.jsonl	3087	391532952526c2bfe195d215a8e683a16d2726250471b30d4b5c9e707b5618cb
data/final_tree/v4_tree_city.json	12010	d9f4c29d79f08320418a72a82b2cf722ad6f073e3922b4948fa93d56439b0dd7
data/final_tree/v4_tree_final.json	97710	60cf00fa728b94253cabb57ff743e3a6b5fcfdb51ab4a7dbb4ede9a10d9f8868
data/final_tree/v4_tree_final_flat.csv	2577	a96f690869954d8e177a66cbb8376010022594b29e7325930216cffd5e224a02
data/final_tree/v4_tree_flat.csv	16538	2a6c82a68d73287841ed2ad5c47ba3ec6087ed391a09125df27f4600def2dc0b
data/final_tree/v4_tree_levels.csv	8683	f7de43d05894a11f7090358e32c241e5b3e56c322758e7cdd2cc72a48ebd8306
data/final_tree/v4_tree_provincial.json	54177	0a3a67f24f51bbcf630a55e1c396f0e7ff51319bf083255b5bff152cb255dd13
data/final_tree/v4_tree_viz_ready.json	118012	52ac479829b86c8e089bb46aa57daf6eae164d91cf71cbe143b3c35cf716192a
data/final_tree/v5_tree_new_structure.json	67886	fbddc050ea9370f100a70a2b65d63debadd11bc6485c528c934096d707858453
data/final_tree/v5_tree_statistics.xlsx	19406	feffb17d521ef7ebd08b2096bf6354661d8b01d36c2993bf96db5536f9409952
data/historical_outputs_1120/.gitkeep	1	01ba4719c80b6fe911b091a7c05124b64eeece964e09c058ef8f9805daca546b
data/historical_outputs_1120/README.md	435	bd0bdb4071786b846ce1b50144d19d9214bf6fc4376ee73ec348e7325cb64d83
data/historical_outputs_1120/roundC_cluster_corpus_cleaned.csv	22908	01a46e35689303bdb4844a6e436382488ce9cd4ce4bb54b5d204da9117d70e3c
data/historical_outputs_1120/v4_calibration_report.json	206	89cc6311e0af393d6d6e8c4cf230e08829533bcb5a087f3084d2f884899d3b68
data/historical_outputs_1120/v4_cluster_corpus_cleaned.csv	22908	01a46e35689303bdb4844a6e436382488ce9cd4ce4bb54b5d204da9117d70e3c
data/historical_outputs_1120/v4_cluster_pairs_round1.csv	75	13f9517624fc59324029dbfd6bb88e41b0dde9da59f5ba9482f723d6eb29b0b8
data/historical_outputs_1120/v4_corpus_calibrated.csv	25493	1cbccfa785f0d963f7b78e423f72ccade5e9a7fa50a3a822ece46ce9bd906fc3
data/historical_outputs_1120/v4_corpus_filtered.csv	23851	10be5b8aafe57166c4b379f877c5932469598e93a4b44c431b162d1c340225c8
data/historical_outputs_1120/v4_edges_L2.csv	13782	00ef96858ceb7bcd47f5b169baa610767f783fcfd5b7cd8e57c80fee618cbf2c
data/historical_outputs_1120/v4_edges_L3.csv	13282	a1d7c2d628b1bffe57f229f5628c50ddba35cabe67fc527f49a79c98a9fd26ae
data/historical_outputs_1120/v4_edges_L4.csv	19582	2314e241af890475819597dd80a95676e7986e7f1f590647657fa1339bbcd0ad
data/historical_outputs_1120/v4_embeddings.parquet	2881924	197c1298c97a4deb3ee7bd01df3c38021c941f0d54347ed60b848c4a4bc2bee7
data/historical_outputs_1120/v4_final_audit.json	9231	08587a8a8bfb95b1c20052a9faa08ff2ccf993157029f0587c014e7812850b63
data/historical_outputs_1120/v4_final_ops.jsonl	3107	da5248d44e1db51f80e0882e9ef1aabfda9c8deb940758e08505277c24d80296
data/historical_outputs_1120/v4_index_stats.json	230	9432daf08dd2b3c68cefbbd01ba5b3d87112acf056516baeb2ca67c684219df1
data/historical_outputs_1120/v4_l1_classification_review.csv	5	f01a374e9c81e3db89b3a42940c4d6a5447684986a1296e42bf13f196eed6295
data/historical_outputs_1120/v4_l1_definition.json	2788	91db2757ca520e8801e1e753f05c2e2f9abd15eac83e4918bf21b477bbf0437f
data/historical_outputs_1120/v4_l1_doc_assignments.csv	1846	b372c3b2cdfe35ce0721c160a2d89d72e07944e85740ee5a307f7b1679a22158
data/historical_outputs_1120/v4_l1_node_assignments.csv	7890	a3856717b55d8430da02cace097560b409d060ef0fa292d750bb777e948911b6
data/historical_outputs_1120/v4_links_L2_to_L1.csv	5235	a9a2780bfa9f463eb57b5a05064488657f4ef08ed3adaaf0f355a65b342c31fe
data/historical_outputs_1120/v4_links_L3_to_L2.csv	4656	e30aab0146f2b793ed1df9c2330f69f75c334b0090189b27ba9455e5c0e0b62f
data/historical_outputs_1120/v4_links_L4_to_L3.csv	4935	b974411a87540cc2ea7af3a7a3ac576c028d2a880e2479b492b5e8c523c0914c
data/historical_outputs_1120/v4_membership_L2.csv	1159	024d5a9f5df3e482b34d89f81a32620de7696e1782905678554f3f24dd11e7f9
data/historical_outputs_1120/v4_membership_L3.csv	1189	44f77da4f16da119387b7bd796eedc0e66c2d47761fa86eb826f401a9205dbc5
data/historical_outputs_1120/v4_membership_L4.csv	1399	4e8501cb1ac593cf1489b499e70ae156c80032bdc409333a7280f8eedf7f6b99
data/historical_outputs_1120/v4_nodes_L1.csv	4792	24ee774595d9b6207f31653acde9d66bdb69082bd48ed7a53d270f73f60559a2
data/historical_outputs_1120/v4_nodes_L2.csv	557	ec66df4b6379a09c1b6afaccf3a233625bc42d3114a28cff7eb9495ff39ecb1c
data/historical_outputs_1120/v4_nodes_L3.csv	4772	01ef94d5cff7e446775aaf1b2a80f0d03d7c3de04109a86b5df33f0a22a83716
data/historical_outputs_1120/v4_nodes_L4.csv	5808	f449185acfd76af431060556f19305984ddcdb5e786ea4b6ee3fd7ba80dc7591
data/historical_outputs_1120/v4_operations_log.jsonl	49599	5ce3885f32e8a317bb573f6a7c52d9faafc4cc27b81ba71b719c288aa291f087
data/historical_outputs_1120/v4_rerank_edges.csv	103574	0b1d3154b43f2b4ddc214fb454bae637f830718f5662fcc8453fa66ab97c5800
data/historical_outputs_1120/v4_run_metadata.json	418	a15aa288addf7ec19b429772077defad68a253626ddb987d9884c25b41394e4e
data/historical_outputs_1120/v4_tree_coarse_global.json	4609	93d0cb77e49faf2517dcb438f5bfdd505f9a0d395befdd3e723aa3ce680d7f1c
data/historical_outputs_1120/v4_tree_final.json	4898	b5d2fa733d4e05f0ffff8a09f87f01d2ee4c247d3ea4a4189a5e547bf732e53c
data/historical_outputs_1120/v4_tree_final_flat.csv	514	41ea1dadf0ed279ed28ffea3e47e3d7cd4952060a2c743336b1ee21025998f6b
data/historical_outputs_1120/v4_tree_flat.csv	1669	c70afcc9f5b4eae890a8dff3467793094ef825254ab21366b3d7eefdf03d771e
data/historical_outputs_1120/v4_tree_levels.csv	851	1bbf2e2daaa86073a71e95a59da0a29f4092656e7d0e08ac6da10b04ebefbba1
data/historical_outputs_1120/v4_tree_refined.json	4898	b5d2fa733d4e05f0ffff8a09f87f01d2ee4c247d3ea4a4189a5e547bf732e53c
data/historical_outputs_1120/v4_tree_s4_1.json	4898	b5d2fa733d4e05f0ffff8a09f87f01d2ee4c247d3ea4a4189a5e547bf732e53c
data/historical_outputs_1120/v4_tree_s4_2.json	4898	b5d2fa733d4e05f0ffff8a09f87f01d2ee4c247d3ea4a4189a5e547bf732e53c
data/intermediate_outputs/README.md	324	5f068d4ea4bbc2ab212a77c37fd37155e04d7917c8f68499a1b1b2e14db9e628
data/intermediate_outputs/roundC_cluster_corpus_cleaned.csv	53009	6f70523e4e6220d55a061ddfda9161d92f732f9c87f4c5040c2b0a0ef8568469
data/intermediate_outputs/trees_by_admin/tree_上海市.json	10885	1f571c5a0a2db04a0fbd03394b092b37086b5de653411eb3269222a08617226f
data/intermediate_outputs/trees_by_admin/tree_南通市.json	5495	54b91f9d05f3e265af590d2f9b08aae69a744e573f93fea5db25f14e9bf5a82c
data/intermediate_outputs/trees_by_admin/tree_合肥市.json	1940	f08b6ee09dd7597c37aec77cfd92be9c8abf0aaa53598f17738d41b76b2c903a
data/intermediate_outputs/trees_by_admin/tree_天津市.json	13829	2290ebd8804c22760889db08f2b566807988d0f2ed68ed1b37b03f63c08aa2d3
data/intermediate_outputs/trees_by_admin/tree_宁波市.json	5106	038646add07f76713a4f525ccb2b655deb42ee4fd16a7ffa6895252ec8d56369
data/intermediate_outputs/trees_by_admin/tree_广西壮族自治区.json	21204	ce4ebc3beb45779ce76aee2b7b5147de9255065d38d8b9ff817c1c4a146353be
data/intermediate_outputs/trees_by_admin/tree_成都市.json	2425	4c67ad477d283e38dc9ee7c334050c1ab757a6b292ebdee7b73192a36b7deedc
data/intermediate_outputs/trees_by_admin/tree_江苏省.json	4659	4af142bdfc60787332ec85136dc239baf4c6f23fc315bf115ce7bff019102e36
data/intermediate_outputs/trees_by_admin/tree_浙江省.json	4803	89805d6c651386949cc691a7131dbc90421f6aa97605bd93021cf32e3409cc9d
data/intermediate_outputs/trees_by_admin/tree_海南省.json	13234	8d32e141cab7ac793892c4fc09c04a15919e51cfd8c8a3f738262b704f752e23
data/intermediate_outputs/v4_audit_dataset_50.json	19822	7ee970be3e7c1f3ef3899267d1c99f1f5d04705d19cfffc8c402b1a61a8d1535
data/intermediate_outputs/v4_calibration_report.json	208	3ca7fbf3f803bc58570fdc3433419a7138d7ed75ce387cc49282cda6971adae7
data/intermediate_outputs/v4_cluster_corpus_cleaned.csv	53009	6f70523e4e6220d55a061ddfda9161d92f732f9c87f4c5040c2b0a0ef8568469
data/intermediate_outputs/v4_cluster_pairs_round1.csv	76754	049359944482d27a2a82d452f8fc0880e0084e8dce92b312097f0349b50c0bf2
data/intermediate_outputs/v4_corpus_calibrated.csv	58775	988298114be7a55f71e0549daeaf6c8df523e5fd685f3e84f46fd09aadee6844
data/intermediate_outputs/v4_corpus_filtered.csv	54988	beded7931f50a922598e6f400900a4da711cfe43bb1b485e0d081fecc1a09109
data/intermediate_outputs/v4_edges_L2.csv	36995	73e4b8e29424e40d1e14fcd59f7c20dcf741e46273a8e22554a5e4d797302db6
data/intermediate_outputs/v4_edges_L3.csv	152571	281428c6b9a58bcf3db661f8dae1d1d3cf8fb41467df8d6ae96127462f4bb52d
data/intermediate_outputs/v4_edges_L4.csv	60071	4fe73a01dcd70de01ae6ba3c5cd75d888dc755c794b67b44659c583368c09100
data/intermediate_outputs/v4_embeddings.parquet	6462974	4c2e2f4d0a9246f72974f86dfc8f6a0fe7707af57a16e89f7dadb5ac3a6554e4
data/intermediate_outputs/v4_index_stats.json	245	59f263aea88ef91456431166b27edfba361887f92d1f57fb29f3eeac8e019aa3
data/intermediate_outputs/v4_l1_classification_review.csv	5	f01a374e9c81e3db89b3a42940c4d6a5447684986a1296e42bf13f196eed6295
data/intermediate_outputs/v4_l1_definition.json	2715	bbde6e238f11846efb9a577c3c405df11796c3d9f1bd378a1788ce29c056a79e
data/intermediate_outputs/v4_l1_doc_assignments.csv	3718	336433f6f7280809f4fd8e42a1c3ca721961737b0b945fc87460e81fd0e0a003
data/intermediate_outputs/v4_l1_node_assignments.csv	18386	a01151aca0fc70cd80f3da153410ad1f2b164e72cff947cc8769ef3bb56c1901
data/intermediate_outputs/v4_links_L2_to_L1.csv	10766	11a7e176d90bbb2d8bc06feb3e66eea93a018f1bbeb64d1486589cb553e571a4
data/intermediate_outputs/v4_links_L3_to_L2.csv	19548	eaca2bd3c007baa259dd190eacde6cf3cc4cf237e17c032e8a0e764b05a612d1
data/intermediate_outputs/v4_links_L4_to_L3.csv	13191	2bbf383067f7ae83d7cbcb5ae74f0506af90dfc044f59020b588d09c104800fe
data/intermediate_outputs/v4_membership_L2.csv	2269	8b434e81891b01de247c65bc39e3c41b0f8b4d2c2e6cf49c743cfc038085d3dd
data/intermediate_outputs/v4_membership_L3.csv	4849	e4cd1fdf792366adeccd045ba731fbd7aaf0a7ea7dfa95f01458ea9488e85213
data/intermediate_outputs/v4_membership_L4.csv	2989	1172a15358a2d7439c013278f8e08e82e039bd110f999f3857291b460e17b20b
data/intermediate_outputs/v4_nodes_L1.csv	7206	8598c9abdaf8ae70e75b9c389124c40d51959eebf5ff62cd1fbc4c9a2eb38360
data/intermediate_outputs/v4_nodes_L2.csv	9191	18ead6dab3a9c2e3d6d4fce678d9fe816541b96b873108f34876a78527eb422d
data/intermediate_outputs/v4_nodes_L3.csv	17358	12262ac73574c0ec1cfa57c6b622582a8e2ccae9e9fc989d521307791b178264
data/intermediate_outputs/v4_nodes_L4.csv	12416	b3973203e484800444c94442c9f091fee755d094152657d4ccce923d01798d98
data/intermediate_outputs/v4_operations_log.jsonl	747281	28895810f5314fb1e8c3c84f1e6153b1575cfe4c7663032347218db78567970c
data/intermediate_outputs/v4_rerank_edges.csv	339741	a9e4d273a626852354bd33dd58ff902cc48b3af8a016f798d65c45a845c1f5c0
data/intermediate_outputs/v4_run_metadata.json	396	b70ab5aee55cf549c4486035122a86d3bd398ad2822c7676bcb3e0f80e5ea93c
data/intermediate_outputs/v4_trace_4_1.json	1963	de87840a4b894125305893889161200775dcdb0009321062f355436c701f5c32
data/intermediate_outputs/v4_trace_4_2.json	2	44136fa355b3678a1146ad16f7e8649e94fb4fc21fe77e8310c060f61caaff8a
data/intermediate_outputs/v4_tree_coarse_global.json	59325	2773ba75192e2a4e5af2fe6b89480db7a118d0fa7f102242c6471434e7fd608a
data/intermediate_outputs/v4_tree_refined.json	100305	2d8c62a4a4595924fd259f999c8f201d1fa1c45da83b35eb8c61416019d3518c
data/intermediate_outputs/v4_tree_s4_1.json	62175	a2e45a2d56caa028d2951f60da6bcff81948cc9e0f85b89ed12679578c373055
data/intermediate_outputs/v4_tree_s4_2.json	102337	730be4931c1c89e14299a4b06e769ba6d7b6b27963306b9e4e654f630fa3444f
data/intermediate_outputs/v4_units_t5_raw.csv	195767	2ef047c670c24bec0580d16e3858ef42f28d991a701d23afaa1ab76b814a2174
data/intermediate_outputs/v4_units_t5_raw_ruled.csv	21268	761224bfc74e492ce225fa7a5eb4ae3bbf51e32e7526b6ad3272ae3c5c6d85b5
data/source/admin_mapping/README.md	491	5a404d9f9a95321a0f81b150b8cb7eb6c3257a0a5e6ad83311fc1f29e284a18a
data/source/missing_optional/README.md	340	0f09c05082379805ed54a6584fec5115951fd0462d5f3ddc33e8b804440bf5f1
data/source/roundB_types_merged1121.csv	138569	352f64702617629bf6a3e1fcba5a77745fd8d4eb992b3775f73fc39983fb7168
figures/adaptive_tree_viz.png	8412291	4403eecd7fb7ed23f4b6b2653076f8ff020be55a1efbe843457d2e160f2e4955
figures/adaptive_tree_viz.svg	910520	d216509de8c8f6ccad4a1d8521d84fada8089f113fcd0181c113e8752b0a9125
figures/adaptive_tree_viz2.png	8127897	d8c3569b94470a050ed1e7582962f62dfaf073dc3436d8c88b81cda987830100
figures/adaptive_tree_viz2.svg	897372	357ff498bf1d09afb1601e32cc4e21744afc0f01c7b685d395ff7e8f44317e04
figures/adaptive_tree_viz3.png	7066595	d0c54005e7852fb56e6a0618fea575bc55bd93374684657121245585a7ae4655
figures/adaptive_tree_viz3.svg	909090	912c5698133a4469ed4c9a30fe2bf67d3e0c71c6402486e01515abe6b6c2e13f
figures/radial_tree_visualization.png	3374016	773e5bd25da5313cf77acfff483393ce11efde97c8f1ec05f17e4df327289432
figures/radial_tree_visualization.svg	901221	db06b8c57d6a2bb68f74b0ab8cc361d5c6a0654da876e0b0ec07d32636de7a4f
figures/README.md	202	243e806db7edb3f71e6742ab9cfd7b84ddd9c3d1d7fc6503ba3569af0a6a08d9
figures/trees_by_admin/tree_上海市.png	3050085	a7eba355958526a2504acb768310d36b55d2745fd289c0cb0f288743b04fe4cf
figures/trees_by_admin/tree_南通市.png	1834685	3962edc85ee94255a6e81ba6935b1b065f54e114521e3b2b8d7f424848396240
figures/trees_by_admin/tree_合肥市.png	1026229	f38ffa093c5cf3845711043c0e8677a73b76464b838e990270f2490689c139e8
figures/trees_by_admin/tree_天津市.png	3401048	f4575dc377b5fdd98199b290aae301a245de36428bac2538995bbaf8e6e3bc5b
figures/trees_by_admin/tree_宁波市.png	1799386	c2d43ef095663b8e539012a4cfe24cf11bab619cb330fc15f582460ea68812b5
figures/trees_by_admin/tree_广西壮族自治区.png	4230717	22524ecdf369de54869f3cfa12b451ae23679d1d089c4ce673cfdbf7ac77b62e
figures/trees_by_admin/tree_成都市.png	1281297	3696c254a157f73c3cdcd7eaac4aef1dd51668c26725b04ea7a1ba8f826fe2fa
figures/trees_by_admin/tree_江苏省.png	1588492	bb02222fd83d82edef04571abe0a48cad4e1d19c6e02f059a09cd31521b37ce0
figures/trees_by_admin/tree_浙江省.png	1618867	78bbf2383513e3f71a6ea7d975ef7fdcd45d0582deb817283ab311908cb5c7d2
figures/trees_by_admin/tree_海南省.png	3088745	21dba1e5e21f024f1e9e40167e33ac0fb97c7368cf63bc649b88b3fff99c4b62
figures/v4_tree_city.png	3355428	8a6b95f9a2d1cae8cf97f41b9566b01fd4d459d366ee8232ba757ed591361b7b
figures/v4_tree_provincial.png	8993689	87de8a263c0a9738062a1e4cce26fccf3953d6eda34e8ab3dd60b9f42e0259fc
FILE_INDEX.tsv	0	e3b0c44298fc1c149afbf4c8996fb92427ae41e4649b934ca495991b7852b855
prompts/step1_title_cleaned.md	3710	85896f3894bae800ebe6ec3e658d6e240ffec77a56fdda47ba8d0657478de3c7
prompts/step2_5_calibrate.md	3767	2c8bf523024b9a0890aacd1b93cf496c2f1b2ef6484e5aa1a5d60e6a68bd2985
prompts/step2_8_classify_l1.md	2316	d31e5ca262452f578bd897714ceaf1a0f7882df4e5bba61a93217c4294ed951c
prompts/step2_8_define_l1.md	2552	e65dfafc0db44bc464a767e318c15ecd5a5b24c6ac38021f394b758cdd0863e4
prompts/step3_classify_assign.md	1371	02d1d013f88e65dfe10a29509ab780894e80545f971ad37c8e71dbe367675265
prompts/step3_label_rules.md	829	6b005181ea35eb2c89b0e68d94a2a0db2e690b33154027cfc1af0733d283962f
prompts/step3_link_t2_l1.md	2691	42c952f559f6f5fc5281b0f3841e51a3d9948fb0846f82be1d1691e55a812f85
prompts/step3_link_t2_l1_1222.md	1748	0247a75d0893e1ff62a5b9e1a710af3f7c4bcdaff673d5e7db6397be51571922
prompts/step3_merge_decision.md	1132	356596b5a918b921a4c80af37f7e573e2ece0308aba549165671426e1e2a8c3b
prompts/step4_5_override.md	3161	5f90435e0b563c214ed6c2b0a53ee0b6d8707a8dc75c418cb21ca7f979811b0b
prompts/step4_balance_structure.md	3568	0b94e4dfd017f99c846b5b30ff49650d0d0d6da0616bb8170f06bc5776f0462d
prompts/step4_polish_merge.md	3005	1e2567653997131cbace45ab281c7a4659f48bb4f27f861f0c9f12d85a719497
prompts/step4_rehome_siblings.md	5436	1cf70e38956bd877bded95ab620847d32f4d159e550807c79856f9a4bdc81d69
prompts/step4_vertical_collapse.md	2684	06bfb040a1749231e52cdaaa6543a08e2fe91d69c0f6878a405e98df43e986bd
prompts/v5_pau_extraction.md	6896	49ef46d79de1f1bc6ba97dbf6fc5c866d42aa24bfc0ecc00775651c8ab8aa0ae
PUBLICATION_SNAPSHOT.md	565	4f364e630e3597d7a2059f227edc09f83f3123af73ddb14295bc6bcc0711ea23
README.md	4274	2b985016a8f38e50e9ddd78a0fdacd1d9eba70b7e896676de15c06d241c57d55
replication_package.md	2345	4d6e393fa05908cd23b5d7a7ca07d8adeef976163c0b3745549fff29dce76837
requirements-lock.txt	1357	9b01c2f5c9bcc573c46e4a5de5d06c494d08c1724a2be7dbf44f0c81bb301478
requirements.txt	117	e2efbea914b4e71cf9b99fcccbad0e81fe853f340721ebcd6a7e7d637946bfa4
run_v4_pipeline.ps1	3756	64c0e5008d16f6f2f8b5eb6fb0b5e00c1de715df03984df09100d8ac13333bc8
scripts/111.py	2971	0c651390f256022b77a008f76b78c397a8803658fbb6dbec3b6eddc4707701e4
scripts/222.py	3642	7f5d30a1b75d2aabf5060f5cdac8d766502eb4ff3bec7ffd1a88f76f40fc7ec9
scripts/333.py	4511	61271994ec0731e9e2c4ab0ef3f3161dd1b6fba7911a352147aa9fef11e01248
scripts/common_id.py	796	6ef5ee35fd00884d60f3e19ee82e8c7ed0426df04956e8ff8b98418ebab4163b
scripts/common_llm.py	7812	bff5180962d328c726539f4def8a07635ea7bab321f72ec29ab3078247ec70df
scripts/common_utils.py	5577	906b6c7d589651f1f510f8387e76cbde6d6ba6e62ec322673df89e4e941866e9
scripts/debug_step2_8_oudit.py	5319	bf3fe12cd2c6a1330082fbda838555e0cc9b14167af90e42fcaba0fb3c8facf6
scripts/fix_tree_levels_for_viz.py	3925	854caefc47b969af4296b141e8345ad4c6ab5e70f71a0a2f2ea05895990b19f4
scripts/radial_tree_visualization.py	8612	1cc5922814271a3aab368978b71fcb39bcdd80d84e5c49e627af790b78c6e26f
scripts/rerank_test.py	2193	3d2374dee32188763f8b99b7de3289bcb42df8d8238ffa937185a874b399aefe
scripts/run_v5_step2.py	3739	9f95eed2d3be7977b14bc76f62ee7cb078b604cf4fd332e799a3f482efcfcabb
scripts/step1_5_filter_t0.py	5278	88e1856f9a3874fa0bfb2330d9dad2a44fce75e37b4db60e8195a9dae8c58eb7
scripts/step1_prepare_corpus.py	19973	ed0470ab24f88fcef33fb55c41babef600dbf06665794000bc74fe026afd4896
scripts/step2_5_calibrate_levels.py	15068	335ead53a58ec4d1e49f2e5de1316ecee36d031491b7c6758b5e9dc1291e1552
scripts/step2_8_classify_levels.py	15951	1211623daff505614cfd3c35edba72b222865287b19180d9243b37a5d1d283f8
scripts/step2_8_define_l1.py	7849	3da0934b95b96a4e84f845e6aa3378ec0a544c8f7eb212f3ebebeee5523d5b9c
scripts/step2_embed_and_nn.py	28265	9981a39527a3b71d023ce40f1c93b97419221dcc0981739704ba0cf0b63d0e62
scripts/step3_build_coarse_tree.py	6866	a5be770b4deae7b963abb4dd57443fbb3154e75764598cc59383e29da5e49a6e
scripts/step3_edge_contract.py	2691	2643a631ef96479b128f37e0c385b6b8eba58f18cf34d8d46f76c2d0430e7803
scripts/step3_layer_merge.py	15246	d891a2ca2d0439c2e87f70b4dfbf43a061e68781d8a2a17b4046b3a99358857d
scripts/step3_link_t2_l1.py	14319	3eae3dd022dc0e1e595a1dd8c88687fca3a43f088c9817e2b1d67f6dad26f7d4
scripts/step3_vertical_link.py	19901	6a4db099e9a4be7aafbb1371b416de277db1db497f8ab4fdc71e628cbb4cda96
scripts/step4_1_skeleton.py	7155	6f5e21ce410c2b35869bfec554bf7d62feea51d946503a9ce7c53d847d8eb12a
scripts/step4_2_shaping.py	9352	e02c03f4ac3f8e2aab6faf2de258168a012f65bfc6c9c48bce761f2535b97ce6
scripts/step4_3_polishing.py	14710	9d4bff8d8a328228aebfdfc38bbf9cd246ce5d2c0c0b083025ca69c8252c87be
scripts/step4_5_overall_structure.py	15652	cb24584474681bf449837aa9287cebe159fc41b905cddf4828d6f0edc455f59f
scripts/step5_1_extract_t5.py	12307	857ae4ebd0e82de6259fdf9e9f022471fa07fbcc3ea252cb9c56c91b8007ea0c
scripts/step5_data_preparation.py	3399	41352c24eaf427072d22211d1c49c4623dd94001c15844ebd9c121f5186d9386
scripts/step5_split_tree_by_admin.py	8817	19aad21e92c3b9e415a3b4de9158c16ea18e8acc2da5988ae16cd2e253c0b2cb
scripts/step6_visualize_admin_trees.py	8634	18e28d9dadb83e55c6840c40b66902faa759d88518ce91be67b35a20f1d7f0cd
scripts/step6_visualize_trees.py	8667	06c1e73a7a0bae1a903200c4d5f8e91548ed9ea844138a91dcb6c11a6c3a5d09
scripts/tests/run_step4_mini_test.py	6894	6d7e9b0aeb69ddef99b22fcb2ae2ea4e2d37a84be3b3082daf2252f40b298a27
scripts/trace_id_lineage.py	9351	3433f6b83420bf43ef355df1a4d99dd0d988be6d06c857aad6f14dc13fdda47a
scripts/utils/lineage_tracker.py	2692	78395a14119811c09d0d7986256ab553b35390196df5e51149e3a278644f47ed
scripts/utils/llm_client.py	2220	5049443aa238df329f473674cfba40608e49399b91acfeade753d2c87f2fd2bd
scripts/utils/llm_test_call.py	3618	b81bd89bf6a0dcc9df85b31058ecdbd81b1b4bc9ad7618b7360462cd3477f15e
scripts/utils/step4_shared.py	4172	0d0bf8006ae8d4ba9a9901365c274c7bdc1873cd45120b7445a7745ba962dd25
scripts/utils/tree_manager.py	6515	0a7d30981d16527a6730ba58b1d14f7e8317548fcaf3ebbb973960dd6efdf3ae
scripts/v5/__init__.py	39	c993ab0e25f52674be659e801d2a79084fa67000966c2a66f1a15d7254054b66
scripts/v5/dictionaries/a_type_mapping.json	1504	ebc01c816e0476dabab5a2f4ae7ecbc1d044c96886b73284a83eefa902d5cdcf
scripts/v5/dictionaries/domain_compounds.json	2030	d8b171ba0b8fb50d2f0fde4dfcbffa5132ab0229d070200b809765d72d1701b2
scripts/v5/dictionaries/s_keywords.json	2873	60aa1057c8dfad868f453fb03fab2da0a7652d02bea5e0bc2084b0fc704786f3
scripts/v5/step2_pau_extraction/__init__.py	322	5417752c6f23e1578ee38508cb95de5b844b42d9463d0b19e3c99968e7bd2f43
scripts/v5/step2_pau_extraction/extractor.py	7327	85e5f5e87703e2eaad5fdf691cb69a16a13877998c78a1f3fec8f7b2ac458b73
scripts/v5/step2_pau_extraction/postprocessor.py	9651	47c68cb69314e1d4d2bf413aa15b84dae3dc6cc956cc368354ae9b2467b3924e
scripts/v5/step2_pau_extraction/preprocessor.py	6259	c80ef3fed448b219ef69011d70142f7f36767e5d9cad40c73d34381edf7742bb
scripts/v5/step2_pau_extraction/prompts.py	7962	5e7ed13ebc0db400bd8f748535fffd8aa27c1af6ddbd539cc1629bdc676585f1
TECHNICAL_README.md	11700	40e281650cc4abdd136ef0e4d9d0db3b9720a8bc072de8b3d1366c6bad096ca1
v10_simulation/openai_compatible_env.py	2303	787e05d8fe6222f1dac787a8af969cbb50a17b1cbc366958cd9dc1639b412adb
v10_simulation/prompt_v10_1_reference_normalization.md	2733	9932b0168a07ce75a7d7381689412868478623fcb468cca072bdd4221a3a3a91
v10_simulation/README_v10_1_mvp.md	4689	b430ea7b1cf00dc46f8bd2f7efe3e60018fa8641495e58a670d2c1df620797d2
v10_simulation/run_v10_1_reference_normalization.py	36472	2435820be6ef20d3bde59ae0ebd8995233a29dafe392bda4587943ecc5ecdbc8
v10_simulation/test_v10_1_llm_connectivity.py	4418	2e50b58de13db7fff37893af9763c756b7f41d9bb64c85d41be704c559fba437
v10_simulation/test_v10_1_retrieval_connectivity.py	2518	f805db2e6db70ee4ab2e125bf6a41fd17bf205ca53a13c085500515372265554
v10_simulation/v10_1_implementation_plan.md	1290	23d160ed4960920f1cdb76435e7170f0f7751458d5c181ef401159ce7ce13a0d
v10_simulation/v10_1_reference_window_review.csv	35198	31ec0b1264c0edd96b2c16c93db3150225b6b610acb1f4a9d0bf3a9dd0aae646
v10_simulation/v10_1_reference_window_simulation.json	558641	ea00e319cb021e8161a75959bd8f3ca893dfab1a4b1625f4076499d377139dcc
v10_simulation/v5_step2_simulation_full_v9_1.json	114476	7b59928e59e6b7010a4b6464a81981b27e4856bd4d32820360d9795cc3a3f65b
v10_simulation/v5_step2_v10_1_reference_normalization.md	9675	6f2a8a41a465165c1eb3ee6a321a60747ad80237c21da9509f496e00a6e838bd
