path	source_sha256_extracted	public_sha256	status
audit/extract_policy_action_units.py	3898c567826361eb87ce8392bd689b9d040658a18bd12f80e8515503f126471a	6790575b5ae1d30bf018f9d68d4568587a9c9113d2f5c11b8346374a92bbb135	source_archive_path_normalized
audit/prepare_policy_audit_dataset.py	0f247fba6b5434970f7814113ef5b5d1bfb24ea022ed2b6290236ec1cc3293a4	bd8339866bc270d32b95f757dff30e02eb8b21e1bf184b75b7332bd11dd7d764	source_archive_path_normalized
scripts/artifact_paths.py		93f79104d23f5c3ae068fcafee986394dba04b3da4fb009850eec9b0855ba890	new_public_helper
scripts/assign_parent_clusters.py	d6f91a585c02c0dd53cb2a2534c06e5ac6add918ee18a76999d6d43fba3ee9e0	1660132c520e8f6b2e0b9818a3e0b6bc87fa121f9babb04582363bc66ccc73ca	source_archive_path_normalized
scripts/assign_top_level_categories.py	1211623daff505614cfd3c35edba72b222865287b19180d9243b37a5d1d283f8	f2411ef4d8129c652c4a75dbc8509d5ab07b662282d17b6fb1fe9e64738c435f	source_archive_path_normalized
scripts/balance_tree_structure.py	50a4f069150691d9e6e625d290d96cef912c3c7da182ebb49d5f15cb40346481	4286c41b4269c6466ca9c94fba2682be39b761164dea039b9e1caad2298f7d55	source_archive_path_normalized
scripts/build_action_clusters.py	d73c2834014c7834fdecc32d9b036e7822e9c04c30af72f856ee308323aae84a	735b30f20aaefa22c54bb932752c986d3f1cf0831bed11a21368a67da0b86dba	source_archive_path_normalized
scripts/build_initial_policy_tree.py	8f832799cdbcf0e42aae73d9f1580b3a8dce70ea27268b31eb651cb4f330f4fc	d3dfbd49ccc467bf3f055009f15b2039dabb1c3c1c1f0e5bab7034491b9ecd6e	source_archive_path_normalized
scripts/calibrate_policy_granularity.py	b5fa6c65c057ead2db768dd83df60d6b014641a888a5d7a84dfc8f05f9bb76e7	bc33f88908ae243ab6304c4a2f51e06561a71271d59ef8a754bb816f15bd1b1e	source_archive_path_normalized
scripts/collapse_redundant_hierarchy.py	fa4adad9992e2a244ac38d6565ec6625258ae61a66d714cfad87b5b198790308	ca9fbecd59e83322ae29a0ef96d79fde0cad1d69f22039ca840f0f1a5f38a731	source_archive_path_normalized
scripts/common_id.py	6ef5ee35fd00884d60f3e19ee82e8c7ed0426df04956e8ff8b98418ebab4163b	6ef5ee35fd00884d60f3e19ee82e8c7ed0426df04956e8ff8b98418ebab4163b	source_archive_path_normalized
scripts/common_llm.py	bff5180962d328c726539f4def8a07635ea7bab321f72ec29ab3078247ec70df	220173015881a99e200e16c406f821067e761e23f3ee1e3d7a86216ad6eeabb5	source_archive_path_normalized
scripts/common_utils.py	906b6c7d589651f1f510f8387e76cbde6d6ba6e62ec322673df89e4e941866e9	906b6c7d589651f1f510f8387e76cbde6d6ba6e62ec322673df89e4e941866e9	source_archive_path_normalized
scripts/contract_similarity_edges.py	564eef0c10992c412a7e16ec2663169e8541a5ebe13b4a24b1015c67983d8562	267118a9f5c990e186058e3efc0674ffa94b4a34201c849bba3adc787b959c95	source_archive_path_normalized
scripts/define_top_level_categories.py	bdebf55d940957a30c318f3b7b70839a07e50c46877b50d80b5e94d86199e7ab	cfdfd47dcb235af5618f7a18b86aa1aa2d3c697de996618e3d867079c16fea0f	source_archive_path_normalized
scripts/embed_policy_corpus.py	9981a39527a3b71d023ce40f1c93b97419221dcc0981739704ba0cf0b63d0e62	a84d7abb5aff09784cdcf0a2909419da58549cddffa74f7c0314aa4f8901b8ef	source_archive_path_normalized
scripts/filter_non_policy_records.py	04199d6a3034a8cad0bbff4034d7cbc21d07d959b40f6d075c12d01d75772548	650d64951d77550c1bbdf5155fea80edbec9cd555699f917023890feb4a071c6	source_archive_path_normalized
scripts/finalize_policy_tree.py	25379178405aa109194a3a62cf15941dd3a38dedab5866a1f75695557b4ad50d	58fb2470401423eb3b909a79f3198d5420ad72e6d1ada29775e6a01699043efb	source_archive_path_normalized
scripts/link_second_level_to_top_level.py	218c4dd836c4a57587426529b233f93de013604423fd3aa273d5da78b25496ed	f0dad2590411871713bdc58760ee4a8977f50d308eaf7c9ba3f92fdf3c72608a	source_archive_path_normalized
scripts/polish_tree_labels.py	9d82f24c7d92b7db614d892cb91fc2ed7b42740e6f1499393042faa562153ecd	ffc042d4523e1666c38cbb8e89482d2a83035598ed165909b6cfe5f963feaea7	source_archive_path_normalized
scripts/prepare_policy_corpus.py	b58cb4da0a5e731cc5473ffac82a414ccb718aaf03d75206a5d6e3c1841c7737	46890f005f243f9a7c1b426159e13a59ff9fbb4e64ffc7aae25559bec5dd5131	source_archive_path_normalized
scripts/trace_node_lineage.py	4465e31e1fa0936578c1d1f7d0610900181b31dd9335fc4b22d8352783dacd17	489a14739b956a470ebae5e42552dc5f7675ff2320fb788b3be1e172e2cca4bb	source_archive_path_normalized
scripts/utils/lineage_tracker.py	78395a14119811c09d0d7986256ab553b35390196df5e51149e3a278644f47ed	4dd53a3c72e7f061cf46ea015c4ee1a0471bdc36ee0db69de5f02377a3c5f935	source_archive_path_normalized
scripts/utils/llm_client.py	ce4286911a2e2f29bd075bdd984d2bfbd86f8ba70a42828e21b431cd685bab87	262d75be229a14c95b0532bd07dbf3fcd8d67917a109734e9625ffb117833c15	source_archive_path_normalized
scripts/utils/step4_shared.py	fed27e6b3161235085bd3484eb98470bc53ee42d55c5ca9bcf84cdc75f92ee57	7484f532e33f3114f1509dcaa109cc0b3f3a7bbfb24415b71fc3454d5cd8876e	source_archive_path_normalized
scripts/utils/tree_manager.py	0a7d30981d16527a6730ba58b1d14f7e8317548fcaf3ebbb973960dd6efdf3ae	c113dccb527dba4cca6ccbd77bc2170d3fe1d1949466a853c125a20af07a1edc	source_archive_path_normalized
visualization/normalize_tree_levels_for_visualization.py	61ba9eb84876bbaa97b7bd2b6ae5e66b916ac5872b36fc921e06ffefdba5034a	da3b49b17297a2fecc08917ab5dacf1222fa185c0c1d5b8917a36192b6bfa9bc	source_archive_path_normalized
visualization/render_radial_tree_figure.py	b160bb51c55c78f173c61c7a644668441e42b8e84bb9e1584b1ea63830d8e570	69455b76fab65f17af6c6c50dc828db68b0b29959a342d98fde008c02ee7c845	source_archive_path_normalized
visualization/split_tree_by_administrative_unit.py	3f6b40d1c8c6bf2b8ce1ac846a472168744997f1ea6789cda598e0dec0df1a18	5da1231c1d6d5236013b0120545264c8905a4e3ecbae4b70827c4e1ef8ca419f	source_archive_path_normalized
evaluation/scripts/01_extract_tables.py	8b37584306a10e65c0c806078b9e43e39bc7f0aea12ad6deafa8d317041e5463	2e81eee5f6d2d947ccfc9e63bc4119988d8bc10a4581a05cba3e5e3da147204a	source_archive_public_evaluation_cleanup
evaluation/scripts/02_structure_check.py	579ae280b894e2c6916ce9b3232f0ca57ecab90a121bd70cc7b669c3cb362e0a	5e53c3af8a2ac14e2323fc1db3e27e61ecb14628fa053c34e92489fb0df27621	source_archive_public_evaluation_cleanup
evaluation/scripts/03_sampling.py	dfd01344eeec276a5e0aef9dc0747b7cbd0c21d261c29c45dead5f8133a42f60	3ce3dd630dc7a442246cd36c1f2d5841774b39fcf320556c4db6373cca02e107	source_archive_public_evaluation_cleanup
evaluation/scripts/04_run_node_judge.py	bfd236aad6b08743f47a9c860c312aacb8fb0d4e55bfb83f2367a0222bd1ffea	963ced942c258b80da1b62db9d89950165d81e545e1b8d53c749d6b4c08d70d0	source_archive_public_evaluation_cleanup
evaluation/scripts/05_run_path_judge.py	4e2b791f4b6cefad51c75103aa247c0720d3ca55e7ee9cb00eea1890fd94005c	65471743ce8ba0381c2591d29c3843bcf558bb62abcbc4bbca590b739ef97469	source_archive_public_evaluation_cleanup
evaluation/scripts/06_aggregate.py	2859a7bc6722076bbbd170868514c8d08a5b33fb41e46a859b9efbf71d29bdd2	b6bc37348f4235b5fb8390b112260d8337f53493fa66b19a49c69eb144b7220a	source_archive_public_evaluation_cleanup
evaluation/scripts/07_status.py	395162ffff6102e0a982d2c486e37877278b21bd28db60ab53340656afa5b468	7f37a41433405671a16eeb0cdc5c5b65b90bb84647c6cd600337ba1218262522	source_archive_public_evaluation_cleanup
evaluation/scripts/08_retry_failures.py	7aa6f6f342f8f5999ec3a772f763dce835217c05a26ec3002c27a8c9d6052b43	60d131f30f5e07a42486792ab64eac959cab133ee7b9613748d957581bd72720	source_archive_public_evaluation_cleanup
evaluation/scripts/llm_clients.py	6245151e849cde33f4fad0a824f2e876d6fcb4ebebba70ffdeb585a9b3c4b803	10dd55952992b75eb044e35a79acd80eea3730c2b310858f45f10bf8a9a542c2	source_archive_public_evaluation_cleanup
evaluation/scripts/prompts.py	8728f9640a057a3417637bb6aaed9507a12ec2d540e5c48210e1c0e37252bc6e	8728f9640a057a3417637bb6aaed9507a12ec2d540e5c48210e1c0e37252bc6e	source_archive_public_evaluation_cleanup
evaluation/scripts/eval_paths.py		9f5a42b0f06504e8fe53542c870cbb3ebb652ed26d9d644de3479a67ee786f4e	new_public_helper
